symbol,reason
SHANTIGEAR,new-in-universe
NITINSPIN,new-in-universe
GOLDADD,new-in-universe
ELECTCAST,new-in-universe
ZYDUSWELL,new-in-universe
GLOBUSSPR,new-in-universe
REFEX,new-in-universe
BAJAJELEC,new-in-universe
EPACK,new-in-universe
AYE,new-in-universe
UDS,new-in-universe
MEDIASSIST,new-in-universe
ACI,new-in-universe
SBILIQETF,new-in-universe
VIMTALABS,new-in-universe
VMART,new-in-universe
COSMOFIRST,new-in-universe
SURYODAY,new-in-universe
HATSUN,new-in-universe
KOLTEPATIL,new-in-universe
NACLIND,new-in-universe
SMARTWORKS,new-in-universe
LALITHAA,new-in-universe
HORIZONIND,new-in-universe
CAPACITE,new-in-universe
TVSSCS,new-in-universe
MARATHON,new-in-universe
MOLDTKPAC,new-in-universe
SILVERADD,new-in-universe
PATELENG,new-in-universe
CLSEL,new-in-universe
NITCO,new-in-universe
OPTIEMUS,new-in-universe
RAMBHAJO,new-in-universe
KSL,new-in-universe
UCOBANK,new-in-universe
NUVOCO,new-in-universe
ARMANFIN,new-in-universe
SUNSHINE,new-in-universe
FMGOETZE,new-in-universe
GAJA,new-in-universe
SHANKESH,new-in-universe
SYNCOMF,new-in-universe
JINDWORLD,new-in-universe
ONIXSOLAR,new-in-universe
LUMAXIND,new-in-universe
ADVAIT,new-in-universe
VENKEYS,new-in-universe
INNOVACAP,new-in-universe
BIKAJI,new-in-universe
FOSECOIND,new-in-universe
SAKAR,new-in-universe
APLLTD,new-in-universe
NOCIL,new-in-universe
FINPIPE,new-in-universe
IIFLCAPS,new-in-universe
VISHNU,new-in-universe
BOROLTD,new-in-universe
ALEMBICLTD,new-in-universe
ASHOKA,new-in-universe
IGPL,new-in-universe
RSL,new-in-universe
TEMPSENS,new-in-universe
AUGMONT,new-in-universe
BODALCHEM,new-in-universe
CORDSCABLE,new-in-universe
KOPRAN,new-in-universe
SUBEXLTD,new-in-universe
RADHIKAJWE,new-in-universe
SHUKRAPHAR,new-in-universe
PRUDENT,new-in-universe
SMALLCAP,new-in-universe
GARUDA,new-in-universe
VIDYAWIRES,new-in-universe
GULFOILLUB,new-in-universe
HUBTOWN,new-in-universe
BBTC,new-in-universe
JAYKAY,new-in-universe
ESDS,new-in-universe
LUMINO,new-in-universe
SYMBIOTEC,new-in-universe
SKYWAYS,new-in-universe
BIRLACABLE,new-in-universe
PERNIASPOP,new-in-universe
SMSPHARMA,new-in-universe
RBZJEWEL,new-in-universe
HIKAL,new-in-universe
MAFANG,new-in-universe
SPLPETRO,new-in-universe
INDORAMA,new-in-universe
AHCL,new-in-universe
UTIAMC,new-in-universe
IKIO,new-in-universe
AWFIS,new-in-universe
WENDT,new-in-universe
NOVARTIND,new-in-universe
MAITHANALL,new-in-universe
HDFCNIFTY,new-in-universe
BUILDPRO,new-in-universe
INDOCO,new-in-universe
RML,new-in-universe
MVGJL,new-in-universe
TCC,new-in-universe
JSWDULUX,new-in-universe
MASFIN,new-in-universe
DIFFNKG,new-in-universe
SHREEPUSHK,new-in-universe
COMSYN,new-in-universe
DEEPA,new-in-universe
MONQ50,new-in-universe
STLNETWORK,new-in-universe
FEDDERSHOL,new-in-universe
RIR,new-in-universe
MASPTOP50,new-in-universe
NPST,new-in-universe
INDNIPPON,new-in-universe
GOCLCORP,new-in-universe
JASH,new-in-universe
DELTACORP,new-in-universe
SMCGLOBAL,new-in-universe
TAALTECH,new-in-universe
KAVDEFENCE,new-in-universe
FREDUN,new-in-universe
RESPONIND,new-in-universe
AARTIDRUGS,new-in-universe
GREENPANEL,new-in-universe
VINATIORGA,new-in-universe
TVSHLTD,new-in-universe
JISLJALEQS,new-in-universe
KANOHAR,new-in-universe
GLASSWALL,new-in-universe
KARAMTARA,new-in-universe
RENTOMOJO,new-in-universe
STEAMHOUSE,new-in-universe
MPIMANIPAL,new-in-universe
PRASOLCHEM,new-in-universe
ARCIL,new-in-universe
PRANAV,new-in-universe
LCCPROJECT,new-in-universe
ONEPOINT,new-in-universe
HTEL,new-in-universe
PRIORITY,new-in-universe
BHAGERIA,new-in-universe
RPGLIFE,new-in-universe
INDRAMEDCO,new-in-universe
EXCELSOFT,new-in-universe
SUNFLAG,new-in-universe
