week,entry_date,symbol,sector,style,signal_price,momentum_rank,momentum_score,status,exec_date,exec_price,exec_basis,stop_pct,exit_date,exit_price,exit_reason
2026-W37,2026-09-11,SHILPAMED,Healthcare,BREAKOUT,961.15,13,97.0,open,2026-09-14,935.0,next_open,0.08,,,
2026-W37,2026-09-11,SSWL,Consumer Cyclical,BREAKOUT,370.65,29,94.4,open,2026-09-14,370.0,next_open,0.08,,,
2026-W37,2026-09-11,SMLMAH,Consumer Cyclical,BREAKOUT,6583.0,30,94.3,open,2026-09-14,6219.0,next_open,0.08,,,
2026-W38,2026-09-18,SHILPAMED,Healthcare,BREAKOUT,1021.1,12,98.4,open,2026-09-21,1021.1,next_open,0.08,,,
2026-W38,2026-09-18,FILATEX,Consumer Cyclical,BREAKOUT,93.83,17,96.3,open,2026-09-21,94.7,next_open,0.08,,,
2026-W38,2026-09-18,SSWL,Consumer Cyclical,BREAKOUT,372.4,19,96.1,open,2026-09-21,375.0,next_open,0.08,,,
2026-W38,2026-09-18,TIMEX,Consumer Cyclical,BREAKOUT,714.2,22,95.8,open,2026-09-21,714.2,next_open,0.08,,,
2026-W38,2026-09-18,AVALON,Technology,BREAKOUT,2537.7,27,95.1,open,2026-09-21,2550.0,next_open,0.08,,,
2026-W38,2026-09-18,REDINGTON,Technology,BREAKOUT,399.85,37,93.0,open,2026-09-21,400.0,next_open,0.08,,,
2026-W39,2026-09-25,FCL,Basic Materials,BREAKOUT,60.48,21,97.4,open,2026-09-28,61.33,next_open,0.08,,,
2026-W39,2026-09-25,WELCORP,Basic Materials,BREAKOUT,2832.4,23,97.2,open,2026-09-28,2830.0,next_open,0.08,,,
2026-W40,2026-10-02,RATNAVEER,Basic Materials,BREAKOUT,345.45,15,97.9,open,2026-10-05,347.6,next_open,0.08,,,
2026-W40,2026-10-02,MOREPENLAB,Healthcare,BREAKOUT,133.72,19,97.5,open,2026-10-05,134.5,next_open,0.08,,,
2026-W40,2026-10-02,CUPID,Consumer Defensive,BREAKOUT,312.5,35,95.5,open,2026-10-05,314.3,next_open,0.08,,,
